Crypto,Currency
0X0,USD
3ULL26863,USD
5IRE,USD
A8,USD
ABYSS,USD
ACE28674,USD
ACS23195,USD
ACT11706,USD
ADA,USD
ADM,USD
ADP,USD
ADS11036,USD
AEROBUD,USD
AEUR,USD
AGLD,USD
AIKEK,USD
AIOZ,USD
AIT28882,USD
AKITA,USD
ALEPH,USD
ALGO,USD
ALICE,USD
ALNY,
ALPHA,USD
ALPINE,USD
ALT29073,USD
AL,USD
ALU,USD
ALVA,USD
AMPL,USD
AMP,USD
ANDY35085,USD
ANKRETH,USD
ANKR,USD
AOG,USD
APEX19843,USD
APM,USD
APT21794,USD
APX30467,USD
APX,USD
AQT,USD
ARCAS,USD
AREA,USD
ARKM,USD
ARRR,USD
ASK,USD
ASTRA29593,USD
ASTRAFER,USD
ASTX,USD
AUCTION,USD
AUDIO,USD
AURA21532,USD
AURORA14803,USD
AURY,USD
AVA34116,USD
AVAX,USD
AVI27642,USD
AXEL,USD
AXLFRXETH,USD
AXOL,USD
AZUR,USD
BAAS,USD
BADGER,USD
BAKE,USD
BAL,USD
BANANA28066,USD
BANANAS31,USD
BAND,USD
BAR,USD
BAX,USD
BB30746,USD
BBF,USD
BBL28823,USD
BCA,USD
BCD,USD
BCH,USD
BDC31668,USD
BDP8708,USD
BDX,USD
BEAM,USD
BEER31337,USD
BEPRO,USD
BETA,USD
BFG,USD
BGB,USD
BIDZ,USD
BIGTIME,USD
BIM,USD
BITCI,USD
BITCOIN25220,USD
BLAST28480,USD
BLENDR,USD
BLOCK15752,USD
BLOK,USD
BLY,USD
BNB,USD
BNC8705,USD
BNX23635,USD
BOA,USD
BOB24594,USD
BONE11865,USD
BONK,USD
BOOE,USD
BOOP30525,USD
BOO,USD
BORA,USD
BORG,USD
BOSON,USD
BOTTO,USD
BOTX,USD
BRAINLET,USD
BRICK27615,USD
BRN19519,USD
BRWL,USD
BSV,USD
BTCB20721,USD
BTCB,USD
BTG,USD
BTM,USD
BTRST,USD
BTS,USD
BTX,USD
BURGER,USD
BUSD,USD
BXX,USD
BYTE28664,USD
CAH,USD
CARR21704,USD
CARV,USD
CAS,USD
CATE9656,USD
CAW30402,USD
CBETH,USD
CCD,USD
CEEK,USD
CELO,USD
CEL,USD
CENNZ,USD
CERE,USD
CET,USD
CEUR,USD
CGPT,USD
CHAT29478,USD
CHEEL,USD
CHEQ,USD
CHEX,USD
CHILLGUY,USD
CHI,USD
CHKN29999,USD
CHR,USD
CKBTC,USD
CKB,USD
CKP28948,USD
CLEAR34512,USD
CLY,USD
COMBO,USD
COMP5692,USD
CONX28135,USD
COOKIE31838,USD
COOK,USD
CORE23254,USD
COS,USD
COT19621,USD
COVAL,USD
CPR17545,USD
CREAM,USD
CREDI,USD
CROWN25714,USD
CRPT,USD
CSIX,USD
CSWAP29780,USD
CTA31185,USD
CTCN,USD
CTC,USD
CTG22540,USD
CTK4807,USD
CTP,USD
CTRL,USD
CTSI,USD
CTXC,USD
CTY,USD
CUBE,USD
CUDOS,USD
CULT,USD
CUMMIES,USD
CUSD,USD
CVC,USD
CVX,USD
CWIF,USD
CYBER24781,USD
CYBRO,USD
DADDY31830,USD
DAG,USD
DAI,USD
DBR31528,USD
DC21414,USD
DCK,USD
DEAI,USD
DEFIT,USD
DEGO,USD
DEL,USD
DESO,USD
DESU,USD
DEXE,USD
DEXT,USD
DF,USD
DGB,USD
DHN,USD
DHT,USD
DIVI,USD
DJED,USD
DKA,USD
DLC21849,USD
DMAIL,USD
DMD,USD
DNX,USD
DOBO,USD
DOGS32698,USD
DOME,USD
DORA27966,USD
DUEL28868,USD
DUSK,USD
DVI,USD
DX,USD
DYDX,USD
DYM,USD
DYNA33190,USD
EBULL,USD
EDU24613,USD
EFC,USD
EFI,USD
EGLD,USD
EGO21513,USD
ELA,USD
ELF,USD
EMC29281,USD
EOS,USD
EPIC,USD
EQB,USD
ERG,USD
ESE,USD
ETC,USD
ETHDYDX,USD
ETH,USD
ETHX,USD
EURC,USD
EURR,USD
EURS,USD
EVER,USD
FACT27103,USD
FCON,USD
FDUSD,USD
FEG32074,USD
FER,USD
FIDA,USD
FIL,USD
FIO,USD
FLM,USD
FLUX,USD
FNCY,USD
FORT20622,USD
FOXSY,USD
FRA,USD
FTN,USD
FTT,USD
FXS,USD
G32120,USD
GAINS,USD
GAME31246,USD
GEEQ,USD
GEL,USD
GEMS31750,USD
GFI13967,USD
GIGA30063,USD
GIV17207,USD
GLEEC,USD
GLMR,USD
GLQ,USD
GMCOIN,USD
GME29241,USD
GMRX,USD
GMT18069,USD
GOAL,USD
GODS,USD
GOG,USD
GOLD,
GO,USD
GRASS32956,USD
GRIN,USD
GTAI,USD
GXA,USD
GYEN,USD
HABIBI31189,USD
HANDY,USD
HAPI,USD
HDN,USD
HEART,USD
HEGIC,USD
HELLO,USD
HEMULE,USD
HEZ,USD
HFT22461,USD
HGPT,USD
HMSTR,USD
HOGE,USD
HOOK,USD
HOPR,USD
HOTCROSS,USD
HOTKEY,USD
HTM,USD
HTS,USD
HYDRA,USD
HYPC,USD
IAG,USD
ICE27650,USD
ICX,USD
IDEX,USD
IDIA,USD
IDRT,USD
ID,USD
ILV,USD
IMPT22985,USD
IMX10603,USD
INJ,USD
INV,USD
IO29835,USD
IOT,USD
IQ,USD
IRIS,USD
ISK,USD
IVPAY,USD
IXS,USD
IZI,USD
JGN,USD
JOE,USD
JOY,USD
JSOL,USD
JST,USD
JUV,USD
KARRAT,USD
KAR,USD
KAS,USD
KCS,USD
KDA,USD
KEY,USD
KIBSHI,USD
KIKI34888,USD
KIMBA,USD
KIMBO,USD
KISHU,USD
KLEVA,USD
KLV,USD
KNC,USD
KOGE,USD
KOMA,USD
KOMPETE,USD
KRL,USD
KSP,USD
KUB,USD
LAND11245,USD
LAT,USD
LA,USD
LAZIO,USD
LBT,USD
LDO,USD
LEASH,USD
LEDGER,USD
LETIT,USD
LEVER,USD
LIKE10891,USD
LIME,USD
LINA7102,USD
LINK,USD
LISTA,USD
LISUSD,USD
LKI,USD
LLM35130,USD
LL,USD
LMR,USD
LNDX,USD
LOCK23396,USD
LOCUS,USD
LORDS,USD
LQR,USD
LQTY,USD
LRC,USD
LRDS,USD
LSETH,USD
LSK,USD
LTO,USD
LUMIA,USD
LUNC,USD
LUSD,USD
LVN,USD
LWA,USD
LYX,USD
MAD32103,USD
MAHA,USD
MAK,USD
MANC,USD
MANEKI30912,USD
MANTA,USD
MAN,USD
MAPO,USD
MARS33162,USD
MASK8536,USD
MAV,USD
MBL,USD
MBX18895,USD
MCM,USD
MCRT,USD
MCT16946,USD
MDAI,USD
MDAO18913,USD
MDX8335,USD
MED,USD
MELANIA,OFFICIAL
MEME28301,USD
MERL,USD
MERY,USD
METAL17588,USD
METH29035,USD
METIS,USD
MEV,USD
MGP22391,USD
MICHI30943,USD
MIN12787,USD
MINA,USD
MINT10977,USD
MIR7857,USD
MIX,USD
MKR,USD
MLK,USD
MLT,USD
MNFT17543,USD
MNGO,USD
MNRY,USD
MNSO,
MNT27075,USD
MNT32856,USD
MNTC,USD
MNW,USD
MOBILE,USD
MOCHI28478,USD
MODE,USD
MOEW,USD
MOG,USD
MON30950,USD
MONA,USD
MONG,USD
MONKY,USD
MOON7396,USD
MORPHO34104,USD
MOVE23359,USD
MOVR,USD
MPL,USD
MSTETH,USD
MTD21418,USD
MTRG,USD
MTV,USD
MU,
MUMU30285,USD
MV,USD
MXC,USD
MX,USD
MYRIA22289,USD
MYRO,USD
NBLU,USD
NEI,USD
NETVR,USD
NEURAL,USD
NEURA,USD
NEXA,USD
NFE,
NFP28778,USD
NFT9816,USD
NHT,USD
NMC,USD
NMR,USD
NOMNOM32611,USD
NOS,USD
NOT,USD
NOW,USD
NPCS,USD
NRG,USD
NTRN26680,USD
NTX13198,USD
NUM,USD
NXRA,USD
NYAN13140,USD
OAS,USD
OBI,USD
OGN,USD
OHM,USD
OHO,USD
OKB,USD
OLE,USD
OMG,USD
OMIKAMI,USD
OMNOM,USD
ONG3217,USD
OPEN10750,USD
OPTI23794,USD
ORAI,USD
ORBT30448,USD
ORCA,USD
ORT16252,USD
OSAK,USD
OSMO,USD
OTK,USD
OVR,USD
OX29530,USD
PACE,USD
PAID,USD
PALLA,USD
PANDORA,USD
PART,USD
PATRIOT,USD
PAXG,USD
PBX,USD
PCI,USD
PDT,USD
PEEZY,USD
PEIPEI31632,USD
PENDLE,USD
PENGU34466,USD
PEPE2027276,USD
PEPE24478,USD
PHB,USD
PHIL,USD
PIB,USD
PINO,USD
PIXEL29335,USD
PKT9523,USD
PMG24050,USD
PNK,USD
PNP,USD
PNUT,USD
POL28321,USD
POLS,USD
POLYX,USD
POND,USD
PONKE,USD
POOLX,USD
POPCAT28782,USD
PORK29220,USD
PORNROCKET,USD
PORTO,USD
POR,USD
POWR,USD
POWSCHE,USD
PROS8255,USD
PSG,USD
PTU,USD
PUMPBTC,USD
PUPS33320,USD
PURPE,USD
PXC,USD
PYTH,USD
PZP,USD
QI9288,USD
QKC,USD
QOM,USD
QORPO,USD
QTUM,USD
RADAR15188,USD
RAIN29349,USD
RARE11294,USD
RARI,USD
RAY,USD
RBC,USD
RBT30972,USD
RBW,USD
RED21690,USD
REEF,USD
REF,USD
RENDER,USD
REN,USD
REP,USD
REQ,USD
RETARDIO,USD
RETH,USD
REVV,USD
REWARD34365,USD
RGOAT,USD
RGT,USD
RIDE,USD
RIF,USD
RING,USD
RISE15257,USD
RITE,USD
RLB,USD
RLC,USD
RLY,USD
ROOT28479,USD
ROSE,USD
ROUTE32544,USD
RPK,USD
RSR,USD
RUSSELL,USD
RVN,USD
RWA,USD
RXD,USD
S32684,USD
SABAI,USD
SAI32836,USD
SAITO,USD
SAND,USD
SATS28194,USD
SAUCE,USD
SBD,USD
SCA29679,USD
SCF,USD
SCPT,USD
SCP,USD
SCRT,USD
SCS25101,USD
SC,USD
SDN,USD
SD,USD
SEI,USD
SENATE,USD
SERO,USD
SETH2,USD
SFI,USD
SFUND,USD
SHDW16868,USD
SHFL,USD
SHIBDOGE,USD
SHIB,USD
SHRAP28363,USD
SHRUB,USD
SHR,USD
SHX,USD
SIDUS,USD
SILLY,USD
SIN12813,USD
SIS,USD
SKEY,USD
SLF,USD
SLIM,USD
SLN,USD
SMT11821,USD
SNC,USD
SNEK25264,USD
SNIFT,USD
SNS,USD
SOBA,USD
SOFI,USD
SOL16116,USD
SOLO,USD
SOLVBTCBBN,USD
SOLVEX,USD
SON15315,USD
SOUL,USD
SOV,USD
SPARKLET,USD
SPC,USD
SPEC32925,USD
SPECTRE,USD
SPELL,USD
SPKY34333,USD
SRK,USD
SSLX,USD
SSWP,USD
STARL,USD
STATOM,USD
STC20513,USD
STETH,USD
STMATIC,USD
STORJ,USD
STOS,USD
STRK22691,USD
STT26914,USD
STTON,USD
STUSDT,USD
STX4847,USD
SUPRA,USD
SURE,USD
SUSHI,USD
SWAP,USD
SWCH,USD
SWELL,USD
SWETH,USD
SWFTC,USD
SYLO,USD
SYL,USD
SYNC33104,USD
SYNT,USD
SYS,USD
TADA,USD
TAO22974,USD
TARA,USD
TAVA,USD
TEMCO,USD
TERMINUS33351,USD
TFUEL,USD
TIA,USD
TIME,USD
TKC,
TKO,USD
TKP,USD
TKS,USD
TLM,USD
TOKEN28299,USD
TOKE,USD
TOMI23246,USD
TONIC,USD
TOP,USD
TPT,USD
TRAC25208,USD
TRAC,USD
TRADE10465,USD
TRA,USD
TRIAS,USD
TRIX,USD
TROG,USD
TROY,USD
TRT27458,USD
TRVL,USD
TSUKA,USD
TT,USD
TURBO,USD
T,USD
UFI,USD
UFO10729,USD
ULTI31504,USD
ULTIMA,USD
UMA,USD
UNP,USD
UOS,USD
URO,USD
USDB29599,USD
USDBC,USD
USDL,USD
USDT,USD
USDX6651,USD
USDY29256,USD
UXLINK,USD
VARA28067,USD
VBTC,USD
VCHF,USD
VDOT,USD
VELO20435,USD
VERTAI,USD
VETH,USD
VET,USD
VIB,USD
VIDT22710,USD
VIRTUAL,USD
VISTA32943,USD
VLINK,USD
VMI,
VNO,USD
VNXAU,USD
VOLT19650,USD
VOXEL,USD
VRA,USD
VRTX,USD
VR,USD
VSC23917,USD
VSG,USD
VSUI,USD
VSYS,USD
VXVS,USD
VXV,USD
WAGMIGAMES,USD
WALV,USD
WAN,USD
WARPED,USD
WAVAX,USD
WAVES,USD
WAXP,USD
WBETH,USD
WBNB,USD
WBTC,USD
WCFG,USD
WCFX,USD
WCORE,USD
WCRO,USD
WEFI,USD
WEGLD,USD
WELF,USD
WELSH,USD
WEST,USD
WETH,USD
WEVER,USD
WFTM,USD
WGS,
WHITE,USD
WHY30867,USD
WIKEN,USD
WING7048,USD
WITCH,USD
WKAS,USD
WKAVA,USD
WLD,USD
WLKN,USD
WLUNC,USD
WMATIC,USD
WMNT,USD
WMOVR,USD
WNK,USD
WNXM,USD
WONE,USD
WOO,USD
WRLD,USD
WRSETH,USD
WSDM,USD
WSEI,USD
WSI20848,USD
WSTETH,USD
WTRX,USD
WUF,USD
WUSD29318,USD
WWDOGE,USD
WXDC,USD
WZEDX,USD
WZRD30491,USD
X33108,USD
XAI,USD
XCHNG,USD
XCN18679,USD
XCP,USD
XDB,USD
XELS,USD
XEL,USD
XFC,USD
XMR,USD
XNC,USD
XNO,USD
XPLA,USD
XRD,USD
XRPH,USD
XRP,USD
XRT,USD
XTN,USD
XTP,USD
XVG,USD
XWC,USD
XYO,USD
YAFA,USD
YGG,USD
ZANO,USD
ZCX,USD
ZEON,USD
ZERC,USD
ZERO31076,USD
ZKL,USD
ZKML,USD
ZNN,USD
ZRC29711,USD
ZRO26997,USD
ZRX,USD
ZUSD8772,USD
